"Date","EU ETS","NZ ETS","CA CaT","HB ETS"
2014-05-02,0.0215062052209636,-0.00190733548860644,0.00221209076165918,0.00263149332592749
2014-05-09,0.0134488098126131,0.0194811357719213,0.00221209076165918,-0.0213773242920621
2014-05-16,-0.089791086910127,0.226353826891857,0.00221209076165918,0.00958083445421498
2014-05-23,0.0646689927927893,0.120627987742141,0.00221209076165918,-0.00230145787937808
2014-05-30,-0.00392157365318169,0.127833371466385,0.00221209076165918,0.000206874303025018
2014-06-06,0.0683377781127215,-0.00452103615231358,0.00221209076165918,-0.000734114987392509
2014-06-13,0.0360399364831969,-0.0457460216109373,0.00221209076165918,-0.00979197355780537
2014-06-20,0,-0.112477983466624,0.00221209076165918,-0.020299077639484
2014-06-27,0.0227481375259364,0,0.00221209076165918,-0.0132129081637676
2014-07-04,-0.0262942405326871,0.0125809692169071,0.00221209076165918,0.00814391058691111
2014-07-11,0.0158593632401074,-0.0119761908814713,0.00221209076165918,0.0377370232902776
2014-07-18,0.0444517625708341,-0.0493927554150536,0.00221209076165918,0.0113234018131352
2014-07-25,0.0247741819855796,0.0125787820344222,0.00221209076165918,-0.0483460149238313
2014-08-01,0.0209854351638872,-0.0265389926443308,0.00221209076165918,0.0460512165204598
2014-08-08,-0.0541559721023732,0,0.00221209076165918,-0.0167488001159419
2014-08-15,0.0700041643423968,-0.0256424305406677,0.00221209076165918,-0.00953146403285254
2014-08-22,-0.00314960890289617,-0.0130720815295834,0.00221209076165918,-0.0230923306909971
2014-08-29,0.00628932890756384,0.111917915896055,0.00221209076165918,0.0584303645626549
2014-09-05,-0.0253981906056104,0.0226136983065263,0.00221209076165918,0.0457493853311264
2014-09-12,-0.0310228960119938,0.0339015516998924,0.00221209076165918,0.00966952281603506
2014-09-19,-0.00332226219197795,-0.0111733004876793,0.00221209076165918,0.012851080093883
2014-09-26,-0.0167789171291093,-0.00676440030700665,0.00221209076165918,0.00244351946871557
2014-10-03,-0.0467617659080395,-0.0351980239109091,0.00221209076165918,0.0178538318783625
2014-10-10,0.0652031938107622,0.0114286957226539,0.00221209076165918,0.0503737431014926
2014-10-17,0.0164748372035051,-0.0114286957226539,0.00221209076165918,-0.0104118561010738
2014-10-24,0.0416060008324637,0.0159638508482973,0.00221209076165918,-0.0219780796470774
2014-10-31,-0.00786786120061356,-0.0159638508482973,0.00221209076165918,0.00491792962316917
2014-11-07,0.0612749075005516,0.0112406691584912,0.00221209076165918,0.00964601590456393
2014-11-14,-0.0179914897930415,0,0.00221209076165918,-0.0246362340481092
2014-11-21,0.0544652629106863,-0.00692044278101811,0.00221209076165918,-0.00785011760316223
2014-11-28,0.00713778904829221,0.0183491385006409,0.00221209076165918,0.00401595610132488
2014-12-05,-0.0540672212702757,0.120408074713676,0.00221209076165918,0.0141141225310975
2014-12-12,0,0.087011376882675,0.00221209076165918,0.003892390768651
2014-12-19,0.0569081322718796,0.0273989742517091,0.00221209076165918,-0.00917675344623925
2014-12-26,0.0265935895734477,0.0354019271305475,0.00221209076165918,-0.00238096413480626
2015-01-02,-0.0322835053511263,0.107098135532629,0.00221209076165918,-0.00105746069778445
2015-01-09,-0.0437387500629083,-0.0048047222369616,0.00221209076165918,0.0659015095693307
2015-01-16,0.0607122834426141,-0.00823049914063723,0.0240148528948159,-0.00583721435713813
2015-01-23,-0.0473886222441435,-0.00829880281888551,0.0308457304647876,0.00251898524669669
2015-01-30,0.0403512955235674,-0.00836824967477745,-0.0024019320981834,0.012396567574259
2015-02-06,-0.0185322481289276,0.00933499873850496,-0.0155424816599816,0.0102512749642152
2015-02-13,0.0933461857196647,-0.00332778997025862,-0.00616850739874764,0.001215114087743
2015-02-20,-0.0428445715346784,-0.00501254176608024,0.000439348014624752,-0.11825052923645
2015-02-27,-0.0319693660560587,-0.0117945764426237,0.000694173878215132,0
2015-03-06,-0.0388817875442076,0.0833724943760328,0.0333499004144042,0.188802975029948
2015-03-13,-0.0481295894454223,0.055791359567595,0.0328113423142748,0.0672137753921358
2015-03-20,0.0770751703305002,0.0153849188549273,-0.0298983276255456,-0.022291507012663
2015-03-27,-0.031886759475894,0.00760459950263881,-0.00854374909504019,-0.104807493463756
2015-04-03,0.0516614151353116,0.0351183921244704,-0.000240184426144374,0.0713128956095996
2015-04-10,-0.0240634399316351,-0.0226424765473179,0.0275577652143855,0.0394408649708136
2015-04-17,-0.0231894449189105,-0.038915416266897,-0.0142344573654007,-0.0445769478852742
2015-04-24,0.0652713903532238,-0.024097551590067,-0.00775649036505666,-0.0034406228822319
2015-05-01,0.014996872751516,-0.0720993759327466,-0.0289353897139604,0.00477359729655258
2015-05-08,0.0200944470597544,-0.0199673855731535,-0.00184386573099893,0.0681623463839713
2015-05-15,0.00529101763441542,-0.0341913646777616,-0.0195323266623375,-0.121277568453527
2015-05-22,-0.0403823374456858,-0.110203140181988,0.0309201469523646,0.0780427691013161
2015-05-29,0.00411241155309261,0.0192313618888491,0.00492146327744569,-0.0481603675333779
2015-06-05,0.0135871655463085,-0.0337372173172064,-0.00885224726879441,0.0263984277218237
2015-06-12,0.0240011520995429,0.215708572773485,-0.0116662422807554,-0.0150696454736265
2015-06-19,-0.0240011520995429,0.00743497842189722,-0.00585352539618222,-0.00412099289850043
2015-06-26,0.0147356986537526,-0.00743497842189722,0.0174854788410008,-0.00841903525351073
2015-07-03,-0.0120402792320804,-0.00492988721824128,0.00728191288055813,-0.0541238789404939
2015-07-10,0.0199873409246125,0.0258635104742215,-0.00553289053760286,0.076870440912516
2015-07-17,0.0157071292053579,-0.00711746775044153,0.0264505024742947,0.0900610548476586
2015-07-24,0.0357180826020791,-0.0143887374144538,-0.0149099088428764,-0.0780946305859225
2015-07-31,-0.0138803490324055,-0.00727275930984472,0.000332524876188955,-0.0389262035412719
2015-08-07,-0.0140757282341846,-0.0140942659230516,0.00357793829632103,-0.00435340533052542
2015-08-14,0.0696799206379901,-0.00432589007974826,-0.0112060287175169,-0.0084968601465174
2015-08-21,-0.0157483569681394,-0.00289435786891001,-0.0234182232364328,0.0149152027980859
2015-08-28,-0.0135220253319739,-0.0219789068940728,0.0176513292280749,-0.0486403164132463
2015-09-04,0,-0.0333264181848976,-0.000185857262226641,-0.00604207929153144
2015-09-11,0.0171783365350846,-0.00738010749832685,-0.0140252354392838,-0.0181477617435781
2015-09-18,-0.0147061473896954,-0.00743497842679974,-0.00843071648504301,-0.0196925511094317
2015-09-25,-0.0149256502166759,-0.0195936939539287,0.0220849133177783,0.00835258033561304
2015-10-02,0.016159456665604,0.0774566334740587,0.00179078643914465,0.07346414541554
2015-10-09,0.025564386705796,0.00738010718569115,-0.00817652982567685,-0.111650136504547
2015-10-16,0.00718565966087459,0.0145987994462833,0.00225884771089557,0.00648655305597945
2015-10-23,0.02591428876547,0.0215062053767894,0.0304741643389703,-0.000860692987035838
2015-10-30,0.00464037955650243,0,0.000817475861868644,-0.00772739818249124
2015-11-06,-0.0293620623368493,0.0647337351674855,0.0245608629780412,-0.0458051494287188
2015-11-13,-0.00119260598512305,0.0270286725491675,-0.00207499370686204,0.0981627764210726
2015-11-20,0.0153940280912908,0.0263173082579233,0.0156054178427874,-0.00823319762780939
2015-11-27,0.00585824756836795,0.0774419259841972,-0.000720718760936823,0.00430819666618731
2015-12-04,-0.00468384931242616,0.0398118893067667,-0.000912052266057728,-0.0679748037394667
2015-12-11,-0.0542628585593672,0.0401199938986925,0,0.0344090351114994
2015-12-18,0,0.0331522073287311,-0.029881115859395,-0.0180759221762061
2015-12-25,0.0184167267862314,0.0320883145625841,-0.0110889990386998,0.0140408596847466
2016-01-01,0,-0.00527705718806559,0,0.0648761815857484
2016-01-08,-0.1023911518888,0.00524090634793017,0.0352065197362412,-0.0760926776729507
2016-01-15,-0.105061069630735,-0.00716848945538162,0.00137343793049371,-0.0199758984819842
2016-01-22,-0.0569823109954324,-0.0186727416938033,0.0110559445675875,0.0089370907019235
2016-01-29,-0.0453886658140277,-0.00314630580404551,-0.00218490820804318,-0.0242112073000282
2016-02-05,-0.0847525099799018,-0.00935770761176125,-0.0285319888262072,0.0400538083603799
2016-02-12,-0.092606257471924,-0.0213455276068879,-0.0144065695062907,0
2016-02-19,0.0196084713883764,-0.00215982805206472,0.00362734132930953,-0.00169512883939338
2016-02-26,-0.0335668236390831,0.0266682469774895,0.0128467611861662,-0.0047079902824243
2016-03-04,-0.0161946859199806,0.0706452831959206,-0.00715350785216051,-0.0547192184438898
2016-03-11,0.0141846349919563,0.0532813666059733,-0.0211873107485645,-0.00187478891436599
2016-03-18,-0.00605450890870607,0.059514127604984,-0.0127705106108809,0.00271657976393591
2016-03-25,-0.0204506104712909,-0.0224728559020138,0.0044793052011638,0.00186671382330261
2016-04-01,0.0678903355428513,0.010996473652606,-0.0283896893557714,0.00988897366458041
2016-04-08,0.0415938972988372,0.0779615413993042,-0.00421457154052352,-0.0393744759935539
2016-04-15,0.0147061473896954,0.114072456261377,-0.0159600623376206,-0.0196866399051563
2016-04-22,0.0839653801173341,-0.0340297485562,0.0261387883954898,-0.0611492755534273
2016-04-29,0.0330062964681701,0.109199291947535,-0.0181616825361743,-0.180531600721065
2016-05-06,-0.0516351163016635,-0.0104602288844355,0.0202985923304144,-0.0198814588499854
2016-05-13,-0.00686109037994531,-0.0138891121702893,-0.0103843370060654,0.0501529064461739
2016-05-20,0.0238106486937186,-0.0212022076655516,0.00178013149859035,-0.0638256285027896
2016-05-27,0.0133557911815558,0.0789432022844641,0.00726575169287624,-0.0686780390945185
2016-06-03,-0.0167227977294602,0.107643862453076,-0.0175290301341362,0.0371438314973093
2016-06-10,0.00168492036491963,0.0315943652767663,0.0229578048309427,0.0572725620880544
2016-06-17,-0.0500535882162039,0.0512932939578934,-0.00537951413905979,-0.045952101575356
2016-06-24,-0.130249804421514,0.0280130359821182,0.0165742478575623,0.011113390661965
2016-07-01,-0.0753494372417869,0.0186636721910052,-0.00100879861714098,0.0357990641596438
2016-07-08,-0.0131292914417926,0.00555556992853301,0.00827022636537222,0.0203268058583121
2016-07-15,0.0803815184509602,-0.00555556992853301,0.00320479568600174,-0.448632138400826
2016-07-22,-0.0759859069779221,0.0110804459435085,0.00633017755219267,-0.0304089786955726
2016-07-29,-0.03344793406754,-0.00275862290972473,-0.0123058453936746,0.293055229033086
2016-08-05,0.0679341101387092,-0.0176002717550516,0.0107613330496275,-0.0589448678871883
2016-08-12,0.0353835038893167,-0.0113315662659521,-0.00734361349007884,0.0603631502377135
2016-08-19,-0.0290476854402306,0.0236497511565266,-0.0156362775296448,0.0189923171498656
2016-08-26,-0.0105821093305369,0.012717893614012,0.0177711223608346,0.0119081262765363
2016-09-02,-0.139017538661303,0.0407167239573658,0.00530911794577227,0.0198311447650309
2016-09-09,-0.00244798163864002,0.00266311735420555,-0.00369761429100546,0.0096268303778162
2016-09-16,0.0640788566845223,0,0.00679119757800395,0.018602591113049
2016-09-23,0.0449513878622665,0.0026560439931842,-0.00462440713358037,0.0183658311668193
2016-09-30,0.0882926071456782,-0.0026560439931842,-0.00451356090581045,0.0404176911547547
2016-10-07,0.135290408029702,-0.00144272613919805,-0.00195206988484342,0
2016-10-14,0.02087032272558,0.00264900816509162,0.0207513761713596,0.00495230427153903
2016-10-21,0.0153717800478541,-0.00530505221668776,0.0110686569236207,-0.0338861864390309
2016-10-28,-0.00509771707166862,-0.00801072372630962,0.00585038841712704,0.0524885833741685
2016-11-04,0.0864433565256211,0.0120201330107963,-0.0249651642848119,-0.0416129995477571
2016-11-11,-0.119346757632566,0,0.0197314541853517,0.0105689515469015
2016-11-18,-0.0195561787938672,-0.0641782258301631,0.0270554651592314,0.0482894054086278
2016-11-25,-0.103965120235555,0.00860837511835122,-0.00911882088732563,-0.0251607213151019
2016-12-02,-0.157143200763712,0.0205911872065032,-0.00588053529849253,0.122842138275126
2016-12-09,0.0433363134869682,-0.00566573786699509,0.0112378240731714,-0.00345831412624686
2016-12-16,0.0997645301537051,-0.0346855574179554,0.0145562910845185,0.0512661793666711
2016-12-23,0.242748099972523,0.00586511891725516,0.00165846532423286,0
2016-12-30,0.0373293730940387,0.00873368047839307,0.02189676708712,-0.00668260603714699
2017-01-06,-0.264045065535513,0.00422551123932813,0.0133545999066818,-0.0499797171604741
2017-01-13,0,0.00865806269845137,-0.000138669788289913,-0.00429011828714954
2017-01-20,0.074675831339907,-0.0115608223413517,-0.00617137927583089,0.0551734473942969
2017-01-27,-0.0947568273969561,-0.0116960397020618,0.0136255272074455,-0.0704957326106082
2017-02-03,0.0455975914388727,0.0134062384993379,-0.00882896926580745,-0.0151724070766781
2017-02-10,-0.00778214044205505,0.0317486983145803,0.0118982835258574,-0.0174264801002659
2017-02-17,-0.029734598942879,0.025246782883261,0.00181323041434789,0.00975100075642643
2017-02-24,0.077408068412236,-0.00277392680786814,0.00554598762766068,0.00344237028027272
2017-03-03,0.0383608678724463,-0.0447801377725527,-0.0151722076665006,-0.0491614299144847
2017-03-10,-0.0801920617175749,0.00280505080286719,0.00417507872097334,-0.0110224362846674
2017-03-17,-0.00584227562422845,-0.0400053345788423,-0.00480463568730549,0.0429345709699759
2017-03-24,-0.0729067708080877,0.0011655012456675,-0.00493872914306159,-0.0842862581276581
2017-03-31,-0.0190885965625227,0.00464846836211352,0.0174294616477604,0.0522766787504876
2017-04-07,0.0460332318059746,0.0144817339510857,0.0406112765130557,-0.0495383010795981
2017-04-14,0.0121952730938184,-0.0258264000941435,-0.000583788845638811,-0.093251000335815
2017-04-21,-0.0798743716744856,0.00116211530370869,-0.0116665710477406,0.0797678218187843
2017-04-28,0,-0.00407332537306049,-0.0107535091113089,0.00438972525320536
2017-05-05,0.00218579321998025,-0.0309406807716028,-0.0259673474346132,-0.0138307269496247
2017-05-12,-0.0287949019479448,-0.00990972806955703,0.00823171441245307,0.0139028728310754
2017-05-19,0.086074608771243,-0.00705470321952895,-0.022123666163012,0.0110100620187352
2017-05-26,0.063893983570946,-0.0226740026887722,0.00266899705949619,-0.00502803805452756
2017-06-02,-0.00387597384469296,0.0330177521001307,-0.00451537092911725,-0.0254713588483135
2017-06-09,-0.0235767305639969,-0.0120483393961091,0.00572895850995581,-0.0202104597049479
2017-06-16,-0.0323260470171494,0.00302572113851474,0.0051516872105406,-0.0140135079184366
2017-06-23,0,-0.00302572113851474,0.0143068836569862,-0.0901551004782403
2017-06-30,0.0323260470171494,0.041549003192181,0.000681130768413141,-0.0674927428421125
2017-07-07,0.0598056688604556,0.000958644390358643,0.0233496538263558,0.0305885652237161
2017-07-14,0.0130234398862867,0.0284110022146278,0.00071465598636733,-0.00716848947861215
2017-07-21,-0.0629378312679996,-0.0226638595218978,-0.0141587929399529,-0.0483144032837883
2017-07-28,0.0175614269299471,0.0226638595218978,-0.0102211025940475,-0.0319530359508936
2017-08-04,0.0342238723875774,-0.0333643586138392,-0.0200497904762038,-0.0682167234613351
2017-08-11,0.0037313476128582,-0.00563381767724946,-0.012451967478277,0.0304347397576369
2017-08-18,0.0787526623430463,0.0140254757026854,0.00239365008579506,-0.0093307157706537
2017-08-25,0.0421292292174034,0.00832182282800487,0.0167179305250955,0.0173931115152979
2017-09-01,-0.0404095383378766,-0.00432637378674938,0.0147553497366948,0.0344182527601357
2017-09-08,0.193144789761804,-0.00546449419220307,-0.0212406688028257,-0.00811956993746332
2017-09-15,-0.0185852383033387,0.00164248573331438,0.00767501890477762,0.0105411890745764
2017-09-22,-0.0427478497134695,-0.00438597244145233,-0.00353515241328362,-0.00815684822208118
2017-09-29,0.0613330880168081,-0.00827590888340435,0.0111280000009479,0.0601680850683499
2017-10-06,-0.0113961347308693,-0.00399413342595523,0.00671057944018649,0
2017-10-13,0.0475614111989389,0.00929730435661558,-0.00168020947170122,0.064891506962704
2017-10-20,0.0335827394761374,0.0273842618574913,-0.00257222081800945,-0.0641782411313491
2017-10-27,-0.0556830864768032,0.00370077085993392,0.0195369758578865,0.0201021863596762
2017-11-03,0.0945480814567574,-0.0223926116335589,-0.00383286100533464,0.028103514658359
2017-11-10,-0.0615780622191875,0.0146522773193323,-0.0133573251054258,0.106279073895528
2017-11-17,0.012088797319004,-0.00155965765960842,-0.00450572630087764,-0.0023579043425509
2017-11-24,0.0341240458361272,0.00259807907369547,-0.0181290721000322,-0.0553217156166145
2017-12-01,-0.00907329620567454,0.0357594158842915,0.00607941788571775,-0.0184805181945287
2017-12-08,-0.0715071904536646,0.0149256498943271,-0.00535643458633084,0.0218438413883126
2017-12-15,0.00418702635421653,0.0315943659732771,0.00435948308569101,0.00249091006361679
2017-12-22,0.126718544192639,0.00477327864793775,-0.00591449893325757,0.0172030611008305
2017-12-29,-0.0073891961823711,-0.0192313623292586,0.0149234791596125,0.0121578982683355
2018-01-05,-0.0429358877051449,0.014661723690141,-0.0033114629866402,-0.0656406049562224
2018-01-12,0.0102696666374564,0.0319302796190333,-0.0240398473169758,0.0378357909782095
2018-01-19,0.108802859848799,0.00374532264023175,0.00495956195396285,-0.0248962905868849
2018-01-26,0.0359993878603238,-0.00703402658712182,-0.0207123877607849,-0.0284985541685191
2018-02-02,-0.0144688111199169,0.00281711174849963,-0.00591033596748591,0.0319810474562138
2018-02-09,0.0319939036752976,0.00698489482038323,0.0177316307866948,0.0209532081232138
2018-02-16,0.028894465999715,-0.00232288177696605,-0.0158483521454604,-0.00673341018133911
2018-02-23,0.0311551677797954,-0.0187798943984703,0.00636088414672598,-0.027269312203593
2018-03-02,0.0321959398004878,-0.0161590231233868,-0.0026085385186887,0.014998501506016
2018-03-09,0.0935083775150618,0.0023894876477959,0.00163284936087482,0.0320375684512701
2018-03-16,0.00449843313686227,-0.000477441300466452,-0.00117115668042356,-0.0263136282662211
2018-03-23,0.121566016773157,0.000477441300466452,-0.00190251251346707,-0.00632134262890749
2018-03-30,0.0518893011599366,0.0047619134499377,-0.00615183587804591,0.00548439532326206
2018-04-06,-0.0229017642866847,0.012112453085106,0.00059572695616783,0.0434153016759411
2018-04-13,0.0707930519910995,0.00235571368682752,-0.00257195440810998,0.0114920070340538
2018-04-20,-0.0669394826751093,0.0046948442930228,0.00548385855269107,-0.0154413261280709
2018-04-27,0.0384807945105705,0.00932407685306558,0.00829394739795086,0.0109873626265483
2018-05-04,-0.0392503212895989,-0.00902010876672987,0.0134503177506793,0.0267694885438543
2018-05-11,0.1175263950801,-0.00701757287058946,0.000672467790753473,-0.00660118639110974
2018-05-18,0.0409041266709318,-0.00470589064614924,0.019402119699921,-0.00327016466844643
2018-05-25,0.0481016097933815,-0.00947874396980763,0.0179404139186463,0.13266882776503
2018-06-01,-0.04482184299638,-0.0095641283032748,0.00242823274018056,-0.0501305947795969
2018-06-08,0.0328531961871872,0.000970402870120513,-0.0209311634066696,-0.00626267718390017
2018-06-15,-0.0839052485216318,-0.0082785959352174,0.014932792263838,0.00489164043776324
2018-06-22,0.0385312956837134,0.0169701039297139,0.00511408175249839,-0.0139536120886156
2018-06-29,-0.00865806274311431,0.0143200541044384,-0.00174270677376587,-0.00272725865995893
2018-07-06,0.047036756531234,-0.00184203324835241,-0.00332496542662541,0.0309647721822064
2018-07-14,0.0220898852722837,0.0206666364490724,0.00708564420471713,0.132841015807042
2018-07-20,0.0605511815050148,0.0269074532246218,-0.00347438933436717,-0.0240303644135413
2018-07-27,0.00351906521519574,0.00661523900320171,0.00595928843228943,0.13638837108619
2018-08-03,0.0316938080493552,-0.00778841691653076,0.00766485257963723,0.0870787461899678
2018-08-10,0.0118411307420843,0.00220022083082405,0.0149732421678976,0.184615476498057
2018-08-17,0.0144688111199169,0.0605470496524747,0.00867910856689269,-0.0184139084616821
2018-08-24,0.13083438881138,0.0196647054917451,-0.0166062960182618,-0.0700443545052658
2018-08-31,0.0196790607863488,0.0160969271613287,0.0051217689111005,0.00725070601308953
2018-09-07,0.0964329505747759,-0.0181420175119027,0.00800539988072169,-0.0187744574263189
2018-09-14,-0.150632204219582,-0.00358923640204933,-0.00792849108244376,0.0801568056881905
2018-09-21,0.102446087184191,0.00119784387120347,-0.0135706894506051,-0.0957684353388031
2018-09-28,-0.0430323159166077,-0.00239712429328254,0.0146492764403461,0.043753584919588
2018-10-05,0.0443900893770683,0.00997345785703674,0.00734947755000714,0
2018-10-12,-0.0824578031870331,-0.000398168664709431,-0.00530994449857447,0.0577257620932456
2018-10-19,-0.0329535559383793,-0.00239234564365276,0.00553485715318258,-0.0168668964657301
2018-10-26,-0.0753582653540272,0.00199401907816954,0.008487930655519,0.0949740195904738
2018-11-02,-0.0679378335835663,0.0424210011123254,-0.00441147704412703,-0.0616123659851866
2018-11-09,0.133091928763352,0.00119832260953157,0.00837062982198766,-0.0783826679562032
2018-11-16,-0.0207261305171165,-0.0100301742179418,-0.00159061378081482,0.0492263224971403
2018-11-23,0.0554990972721616,0,0.0042840637393593,0.0897898231124876
2018-11-30,0.0147495299260623,0.00803217158344083,0.00285031289985094,-0.0733929538128171
2018-12-07,-0.00931607620306663,0.0139049603781545,-0.0066635954400347,0.0385939966418409
2018-12-14,0.141260069996181,-0.0140142430741381,0.00929827338978351,-0.0246518968980109
2018-12-21,0.0504589001841786,0.012024192803445,-0.00465077512438539,-0.0644665369937485
2018-12-28,0.00162535590434532,0.000796495274545173,0.0464273952240011,0.105603689977817
2019-01-04,-0.047390413461625,-0.0106472634615842,0.0013296034506487,-0.0375165605028991
2019-01-11,-0.0390674681909098,-0.00478851683052595,-0.011367189463007,0.0471554915977566
2019-01-18,0.0884858685572754,-0.0040080213677669,0.014179883591221,-0.0549607062165109
2019-01-25,-0.0379897045427429,0.00600602401564299,-0.00447899576348876,0.0364630717227823
2019-02-01,-0.08426034361774,0,-0.00489458199310633,-0.0417278117531181
2019-02-08,0.0172496333347798,0.0143753973815932,0.00983898298051988,0
2019-02-15,-0.0908646303737606,0.00676350336683695,0.00797550691574722,0.00699305149021812
2019-02-22,-0.0746768111686622,-0.00476948496467999,-0.00545944003883658,-0.0102923190808526
2019-03-01,0.16373963925316,0.00984553223326534,0.00135104832790889,-0.00728573551399014
2019-03-08,0.0328189099243179,0,0.0192843270757717,0.0375987877917296
2019-03-15,-0.025183570786961,0.00788958782222338,-0.00410383730289299,-0.0345755724708743
2019-03-22,-0.0829926173947122,0.00392157359975398,0.00285926535981673,0.00711152124319714
2019-03-29,0.0418909417091604,0.00468567829866506,0.015091171016715,-0.00538234833808482
2019-04-05,0.13254022559005,-0.0109139322254967,0.0197199128884176,0.0111275617285675
2019-04-12,0.0788798620281002,-0.000390243726324346,0.00339086278144984,0.0843064367987005
2019-04-19,0.0112571545246345,0.00194969816105672,0.0126339645255342,-0.0896046962917145
2019-04-26,-0.039967260407066,-0.000779423555645309,0.029929180313816,0.0457363323966997
2019-05-03,-0.0251684539402515,-0.032099660679195,0.0515071766489164,0.0215726600105166
2019-05-10,0.0165880580838991,0.00785858694010333,-0.0501693256012534,0.0914011336143368
2019-05-17,-0.0237823337179264,-0.00706994326594046,0.0304993877589097,0.0139895053830774
2019-05-24,0.0190708997966063,-0.0118954616006834,-0.0144833061589842,0.0626503039341824
2019-05-31,-0.040149912927204,-0.0229987940990073,0.00477361980023128,0.339557096983822
2019-06-07,0.0012282498985261,-0.0126799972249882,-0.020621646390734,-0.137815614156544
2019-06-14,0.0222546105434662,-0.048481569803609,0.000480251491732364,-0.456848113379017
2019-06-21,0.00955801780610566,0.0213683346527072,-0.0286702830993115,0.240670127023187
2019-06-28,0.0392512014229216,-0.0213683346527072,0.0121768200471357,0.0453001845173537
2019-07-05,0.00304414238122819,0.0110687580819664,0.0221899398550534,0.0262932108526768
2019-07-12,0.0883086607862431,-0.00218102602619874,-0.0291914989986108,0.00964291175462728
2019-07-19,0.00312554517338892,0.0086957072848346,0.00775328187680202,-0.00349916871413281
2019-07-26,-0.020315935160367,0.0086207426354048,0.00614180184862967,-0.0021632432091736
2019-08-02,0.0330637391432682,-0.0041673491539993,-0.00168517947474145,-0.0228740161440497
2019-08-09,-0.0387415400599496,0.0104059214007339,-0.0201632244196306,-0.0356439773160124
2019-08-16,-0.0799833974514019,0.00619197038932473,0.0206481288464646,-0.134707957714966
2019-08-23,-0.034513229420376,0.0122700921666872,-0.00836641725521092,0.0927184351492067
2019-08-30,0.0486761455842792,0.0101113098376318,0.0065587068706594,-0.0459164256393398
2019-09-06,-0.0474797346738702,0.00437709230398076,-0.00575486028507566,-0.0358190603252164
2019-09-13,0.0505157901369016,-0.0100301749646121,-0.00820564495638898,-0.00375811218796684
2019-09-20,0.00491401480242937,0.00683145150544684,0.0039121006374172,-0.02598611311904
2019-09-27,-0.0478855960390052,-0.0060253243198054,0.00777577593665368,0.0243603164950792
2019-10-04,-0.097131457577432,-0.00629603841857529,-0.00752961439812871,-0.0067551841202349
2019-10-11,0.0637481042196564,-0.00201816375119934,-0.00814225962501114,-0.0202240869063148
2019-10-18,0.0564537802770566,0.00201816375119934,-0.00464837339364799,0.0263172462826553
2019-10-25,-0.0354088919062558,0.00603016921973287,-0.00170575152402952,-0.0241234304581941
2019-11-01,0.0123384649869749,0.0110071514539198,-0.00957762522489114,-0.0428189953467117
2019-11-08,-0.0179609697585814,-0.000801282113835011,0.0169418486749784,-0.0461574509625646
2019-11-15,-0.0406877573229263,-0.00120312796136046,0.000994030516409339,-0.0357127639306396
2019-11-22,0.030161344335939,-0.0048270408656772,0.00253715250271558,-0.0982046977906315
2019-11-29,0.0261111440036856,-0.0040404096356772,0.0041155771418766,-0.0289109684663094
2019-12-06,-0.011164390284883,0.0195917420590335,-0.0084488040697841,0.0142559228498258
2019-12-13,-0.037586123600053,0.00404858800383723,0.00194243857867749,0.0768131842337387
2019-12-20,0.0993893514978108,0.14107859881695,0.0174558821828867,-0.00320296085748417
2019-12-27,0.00113015645858461,0,0.0434291629885828,-0.01077144982504
2020-01-03,-0.0661462385256679,0.00591090464990307,0.00691325971117784,0.00371459972598265
2020-01-10,-0.0306333938894854,0.0146293098753136,0.00233559326743604,0.0445180065412389
2020-01-17,0.0505464373759454,0.00792151554041443,0.00018715328646568,-0.00254006496641312
2020-01-24,-0.0422853412409934,0,-0.00497253497929018,-0.0124805851854419
2020-01-31,-0.0212022076506027,-0.056452377396317,0.00398188759107532,0
2020-02-07,-0.0225206033632288,-0.0057120949852858,0.0141541073994542,0
2020-02-14,0.040426557514234,-0.0554670819652747,0.00984011034417076,0
2020-02-21,0.0534370946808997,0.0169655346817739,0.000957848662877403,0
2020-02-28,-0.0810539125612944,-0.00938974063846487,-0.0204243928018895,0
2020-03-06,-0.0076661363519519,-0.0893768561895656,-0.0407671519275419,0
2020-03-13,-0.0658219437736327,-0.0312525428787289,-0.0101282899051873,0
2020-03-20,-0.312024670200993,-0.0805388626479209,-0.310123374451674,0
2020-03-27,0.014246137498203,-0.0239402077626285,0.199731066945331,-0.0881516439426564
2020-04-03,0.0927350230321986,0.0754622541657968,-0.135598484962678,0.0275036588726305
2020-04-10,0.162126475816288,-0.00206398372216787,0.106585351602396,-0.0551399278067031
2020-04-17,0.030049209242911,0.0123204843849845,0.0586412587088723,0.0802174088994674
2020-04-24,-0.0454193485195695,0.00203873619726425,0.0225216477369723,-0.0297914765913765
2020-05-01,-0.0577849981217917,0.0121809632875656,-0.00638436551682142,0.00385802170976235
2020-05-08,-0.0123840591997215,0.00325071436797852,0.0252196453179145,-0.0151284114953334
2020-05-15,-0.00886576863232325,0.0140989241818068,0.0112991080352081,0.0139306611424086
2020-05-22,0.110949894745603,0,0.00462325436212208,-0.013406980643238
2020-05-31,-0.000468933185615583,0.00199800273705542,-0.0168242662309019,-0.0373074339516322
2020-06-05,0.0827810534071509,0.172252353095779,-0.0166208812360424,-0.0154502295640133
2020-06-12,-0.0545710902749978,0.0937415522282841,0.00266217212866415,0.00108386088097245
2020-06-19,0.0939412541969831,-0.0270501779238193,0.00468737865407087,-0.00388568647428356
2020-06-26,0.0233856811094184,0.0254790856693683,-0.0114505234451121,0.0124389073131586
2020-07-03,0.121291337730021,0.0171054267804602,-0.000977848151649585,0.107129899386754
2020-07-10,0.038750885737119,-0.00155159043664321,0.00325014025006709,-0.0298583021125389
2020-07-17,-0.0423493063166527,0.0169365094285632,-0.00539373392197717,0.0128087994243835
2020-07-24,-0.0536867761448954,0.0106303201427935,-0.0209296547154998,-0.0158854084591944
2020-07-31,-0.00304762140647474,0.0297641021994561,-0.0137674398925078,-0.0111866860265426
2020-08-07,0.00532725765205644,-0.0475551059621826,-0.00396418603940507,0.00351387367533085
2020-08-14,-0.0359320092260633,0.0133434153510668,-0.00171018870334549,0.00076217107390808
2020-08-21,0.00744663445012561,-0.00294985468543185,0.00624254983413763,0.0689977210608961
2020-08-28,0.141068322615751,0.00589103331502994,-0.0108768713195078,-0.022150909102244
2020-09-04,-0.0764321881245955,0.0115847544373398,0.0136725401213926,0.00974177378390118
2020-09-11,0.0331203779224523,0.00878482927494906,0.00173850444059331,0.00987252220911117
2020-09-18,-0.00960690541117293,0.0216302596377598,0.00705430074796487,-0.0026334432675319
2020-09-25,-0.0676657990177927,0,0.0176422524411812,0.0236578181955032
2020-10-02,0.0323701578082534,-0.00880355256286647,-0.0100057275835237,-0.0202831926100058
2020-10-09,-0.0489568447265309,0,-0.000773965374992969,-0.0460121776690641
2020-10-16,-0.0320122178071363,0.00286533142591194,0.0130201610087246,0.0590797726064132
2020-10-23,0.0234184149173622,0.00285714475367582,-0.0148271045816637,-0.000333191942297084
2020-10-30,-0.0732332002173299,0.00142551722068429,0.013435436790183,0.0335721499785393
2020-11-06,0.0708765612633342,0.0282945227414477,-0.016829901819666,-0.0040839504862038
2020-11-13,0.0332590593077615,0.00511219512107397,0.00337496101652768,-0.0284197771176151
2020-11-20,0.016971932932007,0.0140649293813131,-0.00754363115020151,-0.0228681218835713
2020-11-27,0.0506760508279687,0,-0.0149578053447992,-0.00313743548868639
2020-12-04,0.068020719991877,0.027487561620068,0.000176815205186642,-0.0221419909685403
2020-12-11,0.0135248639226138,0.037537919341295,0.00532738535266741,-0.00317940266475203
2020-12-18,0.0136676387286636,-0.00925320559993859,-0.0118198864411636,-0.0280593350203875
2020-12-25,0.0264726031365048,-0.00265957574356479,0.00335662477170029,0.0272955540179802
2021-01-01,0.0084626739187339,0,0.0605328783746062,0.00325831010637323
2021-01-08,0.0823448669636919,0.0183767641665122,-0.000409316038624041,0.0181713078892494
2021-01-15,-0.0949078462643973,0.0204946744425261,0.0077500515415756,0.0201432080995618
2021-01-22,0.0763404431173456,-0.00130123650577962,-0.00896381329146934,-0.0200756482799378
2021-01-29,-0.0375939258158331,0.00519481702776181,-0.000700908627293995,0.0389624675331519
2021-02-05,0.1483570975295,0.0333833993679886,0.00940304266334735,-0.0560094474237991
2021-02-12,0.0466034149927661,-0.00764334936568956,-0.00142522182936622,0.0678133767084133
2021-02-19,-0.0672609292258395,0.00255427968087751,-0.00153690827889275,0.15293167129944
2021-02-26,-0.00402199228328781,-0.00460241146300167,0.00786772002310254,-0.132966750244647
2021-03-05,0.0454325211026525,-0.000393488382725682,0.0130884282655641,0.0129871955268104
2021-03-12,0.0935581499220599,-0.00515465083539546,-0.00400910265053289,0.152038871123617
2021-03-19,-0.0217451253033327,-0.0395308386768036,0.00249134397781203,-0.0360861133369825
2021-03-26,-0.0052707357286006,-0.00539084844367466,0.0068701501792825,-0.056514635545331
2021-04-02,0.0178554916332692,-0.0093415416422884,0.00394167910398036,-0.0852389363119643
2021-04-09,0.0272331504583585,0,-0.00430798330325599,0.144402056453507
2021-04-16,0.0182030054570768,0.0086114631732257,0.000723954203555977,-0.123149465946427
2021-04-23,0.0552651031790266,0.00747467450105477,0.0088120199317836,-0.0221295219172697
2021-04-30,0.0219464389604158,-0.00212992621778207,0.0165900530461021,0.0214086424982043
2021-05-07,0.0492770698932379,-0.00361861935111563,-0.0078650578865358,0.012835616767753
2021-05-14,0.115639317364127,-0.0107527916668699,0.0222808370436098,0.0175585709254127
2021-05-21,-0.0897504425867477,0.00135043880033603,-0.0006878438117357,-0.0291223774514187
2021-05-28,-0.013645435896914,-0.00135043880033603,0.0021943290922497,0.00324777514878294
2021-06-04,-0.0208237569112608,0.0215025732437977,0.0316320262443535,0.0215594142715319
2021-06-11,0.0525049848437802,0.0573771124857192,0.0260673926489798,-0.00274148068085522
2021-06-18,-0.0149428067745561,0.0171994412827723,0.0584290764908983,0.0853073980410743
2021-06-25,0.0588405000229337,0.0487321610929397,0.00436850021562085,-0.046763121167251
2021-07-02,0.0408292738386198,0.0299123979212101,0.0419395154474445,0.0100654035836214
2021-07-09,-0.055125705018443,0.074912930604071,0.0166183219877927,0.0183796279230333
2021-07-16,-0.0259949185946295,0,0.00358810632071771,0.0335671336983543
2021-07-23,-0.03784235318316,0.00667225173801356,-0.0171686912196858,0.0477057346704903
2021-07-30,0.0468956024937683,0.00992563964187498,-0.0163329308645479,0.136292159952361
2021-08-06,0.0604699854876349,0.0136080535819301,0.0381836629743826,0.0725364132803508
2021-08-13,-0.0227018418668345,0.0111280864713805,0.0131966213918924,0.226400907709201
2021-08-20,-0.0182453519598327,0.00100553049860341,-0.0437399576942328,-0.228496248190589
2021-08-27,0.0819812549366259,0.0267740338458808,0.110863986914929,-0.0100783916579026
2021-09-03,0.0389270705142604,0.174907735934327,-0.0271544893425779,-0.045564618689526
2021-09-10,-0.00687625499180733,0.0783774284232033,-0.0155293143300734,0.0258092886813357
2021-09-17,-0.0239412931272636,-0.0155041867724783,0.0797191679522418,-0.0178421314028869
2021-09-24,0.0564289987423816,0.00778214056122817,0.0158272191585049,0.0260678143224571
2021-10-01,-0.0142550664071228,0.011840491549211,0.07805124685986,-0.0262496566891444
2021-10-08,-0.0611994764797634,0.00154918695716599,-0.0337214247394533,0.0230259395625652
2021-10-15,0.0186889571335849,0.00309119251062029,0.0289457038620955,0.032235387078305
2021-10-22,-0.0197184699218393,0.00308166673225596,0.0663234482203099,-0.00582231622770868
2021-10-29,0.00769563438824061,0,0.0166492124122697,-0.0243583155071181
2021-11-05,0.0116861351937176,0.0189232628415263,0.0309262436287243,0.00969164696886815
2021-11-12,0.0631273558497343,-0.00768643298827199,0.0830961993972754,-0.0300706817674932
2021-11-19,0.091912928883338,0.00154202041478069,0.0390864385966765,-0.175601485150446
2021-11-26,0.0481376355981542,0,-0.128498845451601,0.0521237058188653
2021-12-03,0.0724772433675671,0.0259034033179653,-0.107009369720444,-0.061450371829266
